{
    "input_features": [
        "Gender",
        "Age",
        "Height",
        "Weight",
        "HeartRate",
        "RiseTime",
        "DecayTime",
        "PulseWidth",
        "AUC",
        "Amp"
    ],
    "X_mean": [
        0.6212765957446809,
        32.695744680851064,
        174.54468085106382,
        74.8531914893617,
        73.90851063829787,
        213.01040360471035,
        241.53486081387135,
        58.45959103361089,
        6821.4323148686835,
        236.22897679755027
    ],
    "X_scale": [
        0.4850690541815487,
        13.06298094823539,
        10.750612224241754,
        13.554999879354082,
        11.257060758952042,
        25.678841383273916,
        27.56944865216859,
        1.7044665134756813,
        447.4284646620156,
        8.447359152959011
    ],
    "y_mean": [
        125.67021276595744,
        74.85531914893618
    ],
    "y_scale": [
        14.851311495831585,
        7.497824039258049
    ]
}